{
  "rules": {
    "no-cond-assign": 2,
    "no-constant-condition": 2,
    "no-comma-dangle": 2,
    "no-control-regex": 2,
    "no-debugger": 2,
    "no-dupe-keys": 2,
    "no-empty": 2,
    "no-extra-semi": 2,
    "no-inner-declarations": 2,
    "no-invalid-regexp": 2,
    "no-negated-in-lhs": 2,
    "no-obj-calls": 2,
    "no-regex-spaces": 2,
    "no-sparse-arrays": 2,
    "no-unreachable": 2,
    "use-isnan": 2,
    "valid-typeof": 2,
    "camelcase": 2,
    "eqeqeq": 2,
    "no-plusplus": 2,
    "no-bitwise": 2,
    "block-scoped-var": 2,
    "consistent-return": 2,
    "curly": [
      2,
      "all"
    ],
    "default-case": 2,
    "dot-notation": 2,
    "no-caller": 2,
    "no-div-regex": 2,
    "no-else-return": 2,
    "no-empty-label": 2,
    "no-eq-null": 2,
    "no-eval": 2,
    "no-extend-native": 2,
    "no-fallthrough": 2,
    "no-floating-decimal": 2,
    "no-implied-eval": 2,
    "no-labels": 2,
    "no-iterator": 2,
    "no-lone-blocks": 2,
    "no-loop-func": 2,
    "no-multi-str": 2,
    "no-native-reassign": 2,
    "no-new": 2,
    "no-new-func": 2,
    "no-new-wrappers": 2,
    "no-octal": 2,
    "no-octal-escape": 2,
    "no-proto": 2,
    "no-redeclare": 2,
    "no-return-assign": 2,
    "no-script-url": 2,
    "no-self-compare": 2,
    "no-sequences": 2,
    "no-unused-expressions": 2,
    "no-with": 2,
    "yoda": 2,
    "radix": 2,
    "wrap-iife": [
      2,
      "outside"
    ],
    "global-strict": [2, "never"],
    "no-extra-strict": 2,
    "strict": 2,
    "no-catch-shadow": 2,
    "no-delete-var": 2,
    "no-label-var": 2,
    "no-shadow": 2,
    "no-shadow-restricted-names": 2,
    "no-undef": 2,
    "no-undef-init": 2,
    "no-unused-vars": [
      2,
      {
        "vars": "all",
        "args": "after-used"
      }
    ],
    "no-use-before-define": 2,
    "brace-style": [
      2,
      "1tbs"
    ],
    "consistent-this": [
      2,
      "that"
    ],
    "new-cap": 2,
    "new-parens": 2,
    "no-nested-ternary": 2,
    "no-array-constructor": 2,
    "no-lonely-if": 2,
    "no-new-object": 2,
    "no-spaced-func": 2,
    "no-space-before-semi": 2,
    "no-underscore-dangle": 2,
    "no-wrap-func": 2,
    "quotes": [
      2,
      "single",
      "avoid-escape"
    ],
    "quote-props": 2,
    "semi": [
      2,
      "always"
    ],
    "space-after-keywords": [
      2,
      "always"
    ],
    "space-in-brackets": [
      2,
      "never"
    ],
    "space-infix-ops": 2,
    "space-return-throw-case": 2,
    "space-unary-ops": 2,
    "one-var": 2,
    "wrap-regex": 2,

    "no-extra-boolean-cast": 1,
    "no-console": 1,
    "no-alert": 1,
    "no-empty-class": 1,
    "no-ex-assign": 1,
    "no-func-assign": 1,
    "valid-jsdoc": 1,
    "guard-for-in": 1,
    "no-warning-comments": [
      1,
      {
        "terms": ["todo", "fixme", "xxx"],
        "location": "anywhere"
      }
    ],
    "func-style": [
      1,
      "expression"
    ],
    "no-extra-parens": 1,
    "func-names": 1,

    "no-ternary": 0,
    "sort-vars": 0
  }
}
